event_id,timestamp,event_type,user_id,status,latency_ms
928,2026-01-15 21:39:53,checkout,user_123,error,316
631,2026-01-15 19:35:45,purchase,user_253,ok,1652
683,2026-01-15 01:07:47,purchase,user_154,error,1543
515,2026-01-15 10:26:46,view,user_257,error,733
366,2026-01-15 20:11:32,checkout,user_925,error,588
656,2026-01-15 15:36:19,purchase,user_771,timeout,1255
657,2026-01-15 04:56:26,checkout,user_412,error,N/A
530,2026-01-15 03:05:14,view,user_951,ok,207
322,2026-01-15 22:33:03,purchase,user_304,error,663
71,2026-01-15 05:55:19,view,user_883,error,787
892,2026-01-15 02:57:21,login,user_914,timeout,958
372,2026-01-15 03:53:49,login,user_356,error,1893
768,2026-01-15 12:55:07,login,user_567,timeout,774
457,2026-01-15 23:21:20,login,user_919,timeout,455
248,2026-01-15 03:34:59,checkout,user_595,ok,1566
612,2026-01-15 14:50:24,,user_682,ok,375
706,2026-01-15 00:56:05,,user_934,,577
981,2026-01-15 20:01:42,view,user_661,ok,1913
299,2026-01-15 11:25:04,checkout,user_932,error,1642
102,2026-01-15 23:51:49,login,user_694,error,302
962,2026-01-15 10:07:38,login,user_576,error,992
606,2026-01-15 08:25:11,login,user_258,ok,620
214,2026-01-15 00:15:42,view,user_195,timeout,1272
238,2026-01-15 03:31:44,view,user_518,ok,962
594,2026-01-15 09:59:52,purchase,user_563,error,643
282,2026-01-15 13:47:52,login,user_461,ok,335
378,2026-01-15 07:40:07,checkout,user_862,error,1281
287,2026-01-15 10:23:08,checkout,user_843,timeout,900
389,2026-01-15 15:25:18,login,user_599,ok,70
885,2026-01-15 02:11:34,checkout,user_933,error,249
718,2026-01-15 21:51:37,login,user_768,timeout,1243
794,2026-01-15 11:08:55,login,user_560,,498
97,2026-01-15 02:24:35,view,user_869,ok,1259
245,2026-01-15 01:58:20,view,user_523,ok,94
747,2026-01-15 16:55:31,checkout,user_288,ok,1884
77,2026-01-15 02:35:58,purchase,user_658,ok,1804
899,2026-01-15 00:05:50,login,user_901,ok,396
210,2026-01-15 20:10:03,purchase,user_281,error,868
260,2026-01-15 06:40:50,view,user_498,ok,805
159,2026-01-15 18:29:00,view,user_633,timeout,1361
496,2026-01-15 18:27:49,view,user_845,error,1791
527,2026-01-15 17:13:41,checkout,user_680,error,398
332,2026-01-15 11:26:20,view,user_968,timeout,1722
954,2026-01-15 09:48:45,view,user_876,timeout,161
315,2026-01-15 14:42:03,view,user_866,ok,481
295,2050-01-15 16:48:02,checkout,user_174,ok,1879
382,2026-01-15 09:36:40,view,user_521,error,410
922,2026-01-15 09:40:16,view,,timeout,741
850,2026-01-15 06:42:44,checkout,user_907,error,922
877,2026-01-15 16:24:09,view,user_298,error,N/A
622,2026-01-15 00:42:40,login,user_889,ok,1716
719,2026-01-15 04:24:26,purchase,user_654,timeout,N/A
60,2026-01-15 01:40:06,checkout,user_561,error,64
626,2026-01-15 00:12:52,view,user_768,error,747
559,2026-01-15 00:12:06,view,user_113,error,1412
784,2026-01-15 17:20:02,purchase,user_812,error,781
381,2026-01-15 23:05:30,checkout,user_363,error,N/A
55,2026-01-15 22:31:10,view,user_189,timeout,273
24,2026-01-15 19:50:26,checkout,user_586,error,676
31,2026-01-15 05:48:46,login,user_140,ok,1959
878,2026-01-15 16:07:08,view,user_446,error,1221
430,2026-01-15 15:00:40,purchase,user_705,ok,467
11,2026-01-15 21:29:57,view,user_730,ok,708
818,2026-01-15 17:37:44,view,user_181,timeout,1908
811,2026-01-15 07:00:42,checkout,user_359,timeout,1528
483,2026-01-15 15:52:34,checkout,user_296,error,666
446,2026-01-15 11:06:41,invalid_type,user_109,timeout,752
200,2026-01-15 15:57:02,checkout,user_286,ok,1920
501,2026-01-15 10:45:52,,user_323,,1555
774,2026-01-15 20:14:08,login,user_150,ok,1349
108,2026-01-15 09:38:38,purchase,user_436,timeout,1400
219,2026-01-15 02:27:14,login,user_479,error,1485
421,2026-01-15 03:44:33,view,user_553,timeout,1668
175,2026-01-15 08:43:05,login,user_253,error,518
721,2026-01-15 01:29:43,checkout,user_416,timeout,1207
520,2026-01-15 23:50:13,login,user_549,error,123
454,2026-01-15 02:31:39,purchase,user_487,error,1036
931,2026-01-15 15:59:20,checkout,user_297,ok,460
40,2026-01-15 13:49:57,view,user_767,timeout,239
552,2026-01-15 07:04:45,purchase,user_597,,1453
821,2026-01-15 19:06:05,view,user_743,timeout,863
352,2026-01-15 04:49:21,login,user_375,ok,645
67,2026-01-15 10:07:14,purchase,user_968,error,301
278,2026-01-15 07:46:56,login,user_790,timeout,1750
68,2026-01-15 16:30:29,view,user_614,,1719
908,2026-01-15 10:17:36,view,user_896,timeout,1994
823,2026-01-15 10:18:13,login,user_289,timeout,221
842,2026-01-15 03:44:06,checkout,user_811,timeout,1967
297,2026-01-15 19:44:26,view,user_922,ok,805
619,2026-01-15 15:17:49,login,user_138,ok,270
599,2026-01-15 09:53:34,checkout,user_409,error,N/A
817,2026-01-15 07:52:41,purchase,user_564,error,505
980,2026-01-15 14:34:48,checkout,user_344,error,430
424,2026-01-15 14:47:44,view,user_779,ok,1369
758,2026-01-15 20:44:51,purchase,user_987,timeout,1291
313,2026-01-15 02:28:27,checkout,user_369,timeout,1644
185,2026-01-15 04:40:28,purchase,user_706,ok,1563
333,2026-01-15 08:41:25,purchase,user_735,timeout,879
89,2026-01-15 07:59:45,,user_843,ok,1557
64,2026-01-15 08:28:32,checkout,,error,825
953,2026-01-15 00:45:19,view,user_937,error,N/A
577,2026-01-15 16:06:48,purchase,user_208,timeout,
216,2026-01-15 22:58:39,invalid_type,user_652,timeout,1543
605,2026-01-15 05:29:29,view,user_684,error,1203
549,2026-01-15 15:05:21,purchase,user_144,error,1236
291,2026-01-15 05:38:09,login,user_565,,509
788,2026-01-15 00:37:40,view,user_829,timeout,865
889,2026-01-15 22:46:27,checkout,user_668,error,800
966,2026-01-15 23:06:42,invalid_type,user_816,ok,278
944,2026-01-15 15:43:46,login,user_151,timeout,521
742,2026-01-15 23:40:56,checkout,user_803,ok,1296
807,2026-01-15 11:09:49,view,user_556,,N/A
695,2026-01-15 16:55:52,purchase,user_568,timeout,
992,2026-01-15 23:56:40,checkout,user_710,error,757
310,2026-01-15 06:45:56,checkout,user_919,ok,
87,2026-01-15 23:18:06,,user_187,error,1835
729,2026-01-15 12:25:25,view,user_959,ok,791
517,2026-01-15 15:39:06,view,user_599,error,437
311,2026-01-15 02:29:41,view,user_461,timeout,
537,2026-01-15 08:33:04,login,user_488,error,569
137,2026-01-15 09:09:13,view,user_890,timeout,1398
873,2026-01-15 22:30:57,login,user_216,error,1250
466,2026-01-15 21:08:19,checkout,user_737,timeout,418
847,2026-01-15 17:25:46,checkout,user_744,timeout,1267
262,2026-01-15 16:50:37,view,user_943,,714
487,2026-01-15 07:10:25,view,user_831,,109
169,2026-01-15 11:48:07,login,user_453,error,1456
830,2026-01-15 11:00:18,checkout,user_265,ok,691
448,2026-01-15 08:06:59,login,user_336,error,N/A
140,2026-01-15 04:10:14,purchase,user_192,timeout,1227
740,2026-01-15 06:24:46,checkout,user_680,ok,311
665,2026-01-15 16:33:18,checkout,user_155,error,1510
855,2026-01-15 02:22:44,purchase,user_232,ok,1631
441,2026-01-15 17:08:14,checkout,user_876,timeout,475
7,2026-01-15 05:04:49,view,user_826,error,1377
532,2026-01-15 18:46:01,login,user_170,error,timeout
56,2026-01-15 13:10:00,checkout,user_282,timeout,823
121,2026-01-15 18:33:04,login,user_211,ok,743
529,2026-01-15 23:59:16,checkout,user_579,timeout,926
26,2026-01-15 08:01:33,purchase,user_764,ok,1926
73,2026-01-15 12:56:06,checkout,user_776,error,1304
45,2026-01-15 09:37:51,checkout,user_315,timeout,1540
250,2026-01-15 14:39:32,view,user_892,ok,836
395,2026-01-15 23:11:47,checkout,user_445,timeout,1116
914,2026-01-15 21:28:24,login,user_417,error,1023
900,2026-01-15 14:52:25,purchase,user_822,error,216
746,2026-01-15 17:36:12,checkout,user_829,ok,1257
199,2026-01-15 13:35:44,purchase,user_696,error,223
906,2026-01-15 08:25:40,checkout,user_409,error,777
356,2026-01-15 13:27:14,checkout,user_870,timeout,
324,2026-01-15 15:15:48,purchase,user_311,,1854
977,2026-01-15 14:59:15,checkout,user_765,ok,670
827,2026-01-15 08:16:56,purchase,user_717,ok,1566
236,2026-01-15 06:55:57,purchase,,error,317
579,2026-01-15 18:22:42,checkout,user_569,ok,269
947,2026-01-15 09:06:56,purchase,user_155,ok,121
941,2026-01-15 02:55:43,purchase,user_687,error,1863
905,2026-01-15 01:11:18,checkout,user_409,timeout,654
300,2026-01-15 02:04:52,view,user_356,error,1527
61,2026-01-15 08:17:51,checkout,user_543,timeout,594
328,2026-01-15 19:02:02,purchase,user_180,ok,676
528,2026-01-15 06:10:41,purchase,user_456,error,1892
600,2026-01-15 12:13:40,view,,failed,1909
542,2026-01-15 00:53:21,,user_651,error,340
650,2026-01-15 14:20:45,purchase,user_173,ok,N/A
771,2026-01-15 10:10:55,checkout,user_505,timeout,1458
597,2026-01-15 10:24:10,view,user_391,ok,630
543,2026-01-15 01:40:57,login,user_294,timeout,1475
782,2026-01-15 20:12:48,login,user_839,ok,418
306,2026-01-15 05:43:55,invalid_type,user_593,timeout,1068
319,2026-01-15 21:04:40,login,user_687,timeout,350
482,2026-01-15 01:36:57,login,user_656,error,192
494,2026-01-15 04:32:14,login,user_797,error,1480
266,2026-01-15 20:02:12,purchase,user_138,error,1986
111,2026-01-15 20:26:19,view,user_473,timeout,628
469,2026-01-15 03:56:48,login,user_647,error,
737,2026-01-15 16:44:18,,user_234,ok,1571
526,2026-01-15 18:36:40,view,user_813,error,1026
257,2026-01-15 16:20:00,login,user_446,timeout,1859
261,2026-01-15 10:08:29,purchase,user_105,error,590
545,2026-01-15 17:17:57,view,user_257,error,610
406,2026-01-15 19:51:51,view,user_523,ok,814
429,2026-01-15 06:26:46,login,user_814,ok,1927
629,2026-01-15 14:11:56,checkout,user_412,timeout,1194
502,2026-01-15 20:11:07,login,user_341,error,1062
433,2026-01-15 12:05:40,purchase,user_636,error,1553
732,2026-01-15 17:50:51,invalid_type,user_523,error,1247
138,2026-01-15 20:08:32,checkout,user_977,error,418
358,2026-01-15 05:44:36,purchase,user_561,ok,692
930,2026-01-15 10:30:28,view,user_314,ok,989
222,2026-01-15 02:34:47,view,user_593,error,349
754,2026-01-15 10:09:19,login,user_875,error,1554
595,2026-01-15 16:00:54,purchase,user_506,ok,802
558,2026-01-15 23:53:10,purchase,user_720,error,332
364,2026-01-15 19:15:29,view,user_300,error,314
524,2026-01-15 16:05:54,view,user_596,timeout,761
209,2050-01-15 20:06:24,login,user_253,timeout,1512
779,2050-01-15 20:03:19,view,user_155,ok,1054
335,2026-01-15 14:24:36,view,user_602,timeout,792
211,2026-01-15 08:22:41,invalid_type,user_729,error,846
351,2026-01-15 09:39:20,view,user_661,error,1955
79,2026-01-15 23:07:07,purchase,user_793,,1841
30,2050-01-15 18:31:38,view,user_736,error,887
281,2026-01-15 05:59:39,purchase,user_382,ok,1557
508,2026-01-15 22:24:36,purchase,user_807,ok,1827
653,2026-01-15 00:59:12,purchase,user_787,error,1486
948,2026-01-15 00:56:30,purchase,user_501,error,865
290,2026-01-15 17:43:08,login,user_720,ok,1735
166,2026-01-15 19:18:34,checkout,user_357,timeout,1988
762,2026-01-15 01:02:41,login,user_837,error,1686
498,2026-01-15 14:52:08,view,user_359,ok,1053
463,2026-01-15 04:11:58,,user_239,error,970
66,2026-01-15 13:50:23,checkout,user_699,error,1535
142,2026-01-15 09:42:53,purchase,,error,661
276,2026-01-15 17:40:53,purchase,user_622,error,331
833,2026-01-15 04:36:31,,user_906,timeout,310
583,2026-01-15 05:47:41,login,user_445,error,329
465,2026-01-15 06:30:05,login,user_563,ok,1996
669,2026-01-15 10:07:51,checkout,,timeout,466
320,2026-01-15 21:38:44,checkout,user_864,timeout,1215
716,2050-01-15 05:36:21,view,user_719,error,691
307,2026-01-15 02:04:15,checkout,user_169,ok,521
308,2026-01-15 18:29:22,checkout,user_907,error,1233
826,2026-01-15 10:47:09,view,user_783,ok,526
334,2026-01-15 09:40:14,checkout,user_688,timeout,1374
50,2026-01-15 13:46:55,checkout,user_859,ok,1551
731,2026-01-15 15:17:37,checkout,user_426,timeout,1945
3,2026-01-15 00:54:38,login,user_538,error,1364
786,2026-01-15 17:52:12,view,user_561,timeout,965
353,2026-01-15 12:42:25,,user_727,ok,1874
910,2026-01-15 02:35:29,view,user_125,ok,1446
539,2026-01-15 08:10:44,purchase,user_472,ok,1636
347,2026-01-15 02:40:02,login,user_112,error,644
6,2026-01-15 08:07:36,checkout,user_105,timeout,1661
484,2026-01-15 00:03:41,purchase,user_356,error,1189
661,2026-01-15 09:28:19,,user_937,ok,1391
34,2026-01-15 10:07:01,view,user_495,timeout,1383
32,2026-01-15 15:23:12,view,user_428,timeout,572
232,2026-01-15 17:12:33,view,user_105,ok,248
752,2026-01-15 08:56:17,login,user_522,ok,1778
193,2026-01-15 07:42:40,view,user_777,timeout,timeout
514,2026-01-15 11:03:49,view,user_161,timeout,933
4,2026-01-15 10:00:48,view,user_370,timeout,N/A
205,2026-01-15 08:10:51,login,user_494,error,456
434,2026-01-15 14:59:24,login,user_646,error,783
808,2026-01-15 09:09:11,,user_285,timeout,1459
985,2026-01-15 11:27:04,invalid_type,user_903,failed,502
110,2026-01-15 08:58:45,checkout,user_256,timeout,1601
942,2026-01-15 21:46:25,checkout,user_172,error,746
78,2026-01-15 22:10:40,purchase,user_749,failed,228
85,2026-01-15 13:48:55,purchase,,timeout,1888
589,2026-01-15 10:05:47,view,user_540,failed,1040
83,2026-01-15 05:56:57,purchase,user_668,,N/A
255,2026-01-15 06:55:31,login,user_265,error,1500
924,2026-01-15 02:35:59,login,user_992,ok,1088
409,2026-01-15 21:12:30,purchase,user_357,timeout,1805
654,2026-01-15 03:03:23,purchase,user_474,timeout,1887
522,2026-01-15 16:55:46,view,user_466,ok,852
920,2026-01-15 23:34:46,checkout,user_830,error,984
437,2026-01-15 05:47:46,purchase,user_552,error,219
6,2026-01-15 08:07:36,checkout,user_105,timeout,1661
405,2026-01-15 05:25:36,purchase,user_633,error,1616
468,2026-01-15 01:23:34,view,,error,1646
98,2026-01-15 07:40:53,login,user_662,error,993
560,2026-01-15 03:52:50,view,user_313,error,1510
360,2026-01-15 19:46:40,view,user_802,error,1630
874,2026-01-15 08:13:01,view,user_449,ok,569
267,2026-01-15 03:33:53,login,user_510,timeout,1178
678,2026-01-15 08:09:49,checkout,user_118,ok,674
383,2026-01-15 18:24:04,login,user_988,error,660
694,2026-01-15 07:56:09,purchase,user_290,timeout,416
412,2026-01-15 15:38:53,purchase,user_205,error,1347
887,2026-01-15 03:36:46,checkout,user_633,error,
119,2026-01-15 07:59:06,,user_556,timeout,394
431,2026-01-15 00:54:08,purchase,user_746,error,1627
251,2026-01-15 12:21:13,,user_853,ok,473
343,2026-01-15 16:41:08,checkout,user_802,error,1589
10,2026-01-15 03:09:55,login,user_892,error,1475
197,2026-01-15 14:31:36,view,user_324,ok,774
946,2026-01-15 21:58:49,checkout,user_151,error,358
82,2026-01-15 08:54:47,login,user_111,ok,1515
913,2026-01-15 22:45:27,checkout,user_850,error,114
479,2026-01-15 20:59:34,purchase,user_182,timeout,1654
697,2026-01-15 13:25:51,checkout,user_353,ok,N/A
240,2026-01-15 15:41:38,checkout,user_699,error,1142
293,2026-01-15 10:48:10,view,,error,223
212,2026-01-15 21:25:28,view,user_998,timeout,308
722,2026-01-15 12:38:28,view,user_636,timeout,906
362,2026-01-15 22:16:13,invalid_type,user_923,timeout,303
452,2026-01-15 11:57:05,checkout,user_267,error,285
228,2026-01-15 19:37:58,login,user_884,timeout,N/A
862,2026-01-15 05:31:27,purchase,user_576,error,1074
363,2026-01-15 23:48:37,checkout,user_542,timeout,637
802,2026-01-15 20:02:20,purchase,user_983,timeout,644
658,2026-01-15 16:48:35,purchase,user_458,timeout,1148
708,2026-01-15 20:57:50,checkout,user_330,timeout,141
645,2026-01-15 17:01:01,purchase,user_592,timeout,1304
582,2026-01-15 16:14:06,checkout,user_663,failed,469
938,2026-01-15 19:39:36,purchase,user_458,error,1633
371,2026-01-15 04:12:09,purchase,user_904,ok,1420
8,2026-01-15 03:43:54,view,user_140,ok,1550
156,2026-01-15 22:45:59,login,user_565,error,1732
544,2026-01-15 08:54:52,login,user_609,ok,446
443,2026-01-15 07:15:58,view,user_647,error,909
916,2026-01-15 15:28:43,purchase,user_200,error,264
399,2026-01-15 20:05:09,view,user_333,ok,1635
961,2026-01-15 16:06:03,login,user_759,ok,149
569,2026-01-15 04:25:06,login,user_179,timeout,944
592,2026-01-15 22:49:09,purchase,user_484,ok,428
581,2026-01-15 19:56:50,login,user_270,error,1247
940,2026-01-15 15:56:17,view,user_821,ok,1050
696,2026-01-15 09:19:46,login,user_829,ok,N/A
868,2026-01-15 04:18:45,checkout,user_111,ok,941
533,2026-01-15 23:02:40,login,user_560,timeout,85
586,2026-01-15 09:26:12,view,user_422,timeout,50
712,2026-01-15 02:46:01,login,user_727,error,1293
451,2026-01-15 14:30:27,view,user_547,error,N/A
881,2026-01-15 15:36:47,login,user_239,error,806
229,2026-01-15 04:49:02,view,user_979,,N/A
591,2026-01-15 17:38:37,purchase,user_676,ok,1397
733,2026-01-15 03:50:33,login,user_410,error,749
213,2026-01-15 08:01:04,checkout,user_615,ok,534
80,2026-01-15 06:13:51,login,user_914,timeout,1037
149,2026-01-15 16:31:10,login,user_595,timeout,324
303,2026-01-15 17:21:33,checkout,user_447,ok,772
917,2026-01-15 04:10:43,purchase,user_628,timeout,timeout
329,2026-01-15 11:31:07,login,user_779,timeout,238
929,2026-01-15 20:43:27,login,user_419,ok,235
345,2026-01-15 20:29:52,,user_815,error,256
546,2026-01-15 22:15:20,view,user_430,timeout,970
507,2026-01-15 06:20:10,view,user_143,error,316
134,2026-01-15 21:41:44,login,user_652,error,N/A
553,2026-01-15 13:58:48,checkout,user_132,error,643
312,2026-01-15 21:39:52,purchase,user_109,timeout,172
1000,2026-01-15 22:40:09,purchase,user_192,,1554
568,2026-01-15 09:04:22,purchase,user_172,timeout,994
1,2026-01-15 23:16:50,login,user_277,timeout,927
317,2026-01-15 20:44:28,view,user_282,error,919
711,2026-01-15 07:13:15,view,user_633,timeout,1364
550,2026-01-15 22:55:44,purchase,user_232,ok,937
618,2026-01-15 07:31:50,checkout,user_709,timeout,1292
535,2026-01-15 12:12:13,invalid_type,user_564,ok,254
480,2026-01-15 06:55:14,purchase,user_249,error,632
778,2026-01-15 03:07:01,purchase,user_532,timeout,1805
173,2026-01-15 13:12:56,view,user_335,error,774
126,2026-01-15 05:33:53,purchase,user_741,timeout,613
425,2026-01-15 22:35:51,login,user_433,error,928
423,2026-01-15 20:23:05,view,user_274,ok,930
555,2026-01-15 14:33:03,login,user_601,error,495
909,2026-01-15 16:31:50,invalid_type,user_194,timeout,481
91,2026-01-15 02:02:11,view,user_971,error,645
945,2026-01-15 11:44:07,view,user_582,timeout,941
182,2026-01-15 02:31:11,checkout,user_265,timeout,880
275,2026-01-15 14:47:49,login,user_134,timeout,1911
901,2026-01-15 16:24:08,checkout,user_826,error,1444
70,2026-01-15 13:16:59,view,user_721,ok,1356
292,2026-01-15 06:54:50,checkout,user_688,ok,1310
132,2026-01-15 14:00:32,login,user_137,ok,1911
301,2026-01-15 01:49:32,purchase,user_486,timeout,281
584,2026-01-15 17:16:56,checkout,user_646,timeout,666
327,2026-01-15 20:34:45,view,user_897,error,1184
145,2026-01-15 04:03:41,login,user_626,ok,961
426,2026-01-15 05:37:37,login,user_578,ok,405
585,2026-01-15 16:23:11,purchase,user_553,error,1699
136,2026-01-15 19:15:52,,user_501,ok,1726
667,2026-01-15 12:17:16,purchase,user_989,ok,1479
165,2026-01-15 19:38:17,login,user_955,error,605
29,2026-01-15 10:07:43,checkout,user_757,timeout,836
936,2026-01-15 09:54:43,view,user_737,failed,1752
194,2026-01-15 19:38:06,view,user_187,ok,1952
996,2026-01-15 01:58:24,view,user_211,failed,631
750,2026-01-15 09:46:19,view,user_133,failed,1984
170,2026-01-15 17:47:22,view,user_593,error,825
491,2026-01-15 12:01:19,view,user_852,error,
141,2026-01-15 19:33:01,view,user_614,ok,1793
174,2026-01-15 11:11:46,login,user_758,error,926
7,2026-01-15 05:04:49,view,user_826,error,1377
804,2026-01-15 12:48:32,checkout,user_887,ok,1781
636,2026-01-15 07:59:20,view,user_616,timeout,1301
74,2026-01-15 07:37:40,login,user_260,timeout,1978
688,2026-01-15 05:32:53,checkout,user_119,ok,1908
982,2026-01-15 01:20:09,view,user_593,error,timeout
239,2026-01-15 23:59:34,view,user_258,error,752
146,2026-01-15 10:41:09,purchase,user_263,timeout,1915
797,2026-01-15 17:13:51,checkout,user_623,ok,725
235,2026-01-15 14:49:14,purchase,user_632,error,615
221,2026-01-15 12:01:49,purchase,user_334,timeout,320
478,2026-01-15 14:01:28,checkout,user_910,timeout,834
838,2026-01-15 10:38:10,login,user_488,ok,1938
133,2026-01-15 13:53:39,purchase,user_656,ok,1485
997,2050-01-15 09:57:18,checkout,user_710,timeout,1936
843,2026-01-15 00:26:47,checkout,user_437,error,1950
186,2026-01-15 17:18:16,login,user_744,error,1985
42,2026-01-15 13:04:12,,user_198,error,1844
998,2026-01-15 18:52:32,login,user_488,timeout,302
109,2026-01-15 05:05:01,login,user_413,timeout,853
871,2026-01-15 22:04:31,view,user_407,ok,441
57,2026-01-15 21:01:14,purchase,user_671,ok,530
531,2026-01-15 10:19:56,view,user_981,ok,timeout
923,2026-01-15 05:10:43,view,user_803,timeout,1952
604,2026-01-15 05:02:16,view,user_666,timeout,178
866,2026-01-15 03:06:04,purchase,user_441,error,1506
25,2026-01-15 15:16:27,view,user_943,timeout,197
651,2026-01-15 21:33:00,checkout,user_540,timeout,826
449,2050-01-15 04:16:36,view,user_661,timeout,1291
534,2026-01-15 22:32:47,login,user_369,timeout,1125
623,2026-01-15 20:57:36,view,user_936,ok,99
753,2026-01-15 03:09:19,view,user_787,timeout,1600
932,2026-01-15 04:31:39,,user_645,error,533
339,2026-01-15 16:38:49,checkout,user_155,timeout,1217
52,2026-01-15 20:05:57,login,user_173,,972
668,2026-01-15 13:48:12,view,user_394,ok,891
519,2026-01-15 22:05:16,purchase,user_874,error,559
926,2026-01-15 06:02:27,purchase,user_205,ok,1938
637,2026-01-15 09:56:14,view,user_542,error,1478
265,2026-01-15 16:08:02,login,user_479,error,1648
540,2026-01-15 07:15:00,checkout,user_344,ok,1041
715,2026-01-15 08:50:30,checkout,user_536,error,1917
959,2026-01-15 18:53:41,,user_815,error,740
952,2026-01-15 21:22:35,checkout,user_464,ok,981
894,2026-01-15 08:43:59,purchase,user_131,ok,1351
450,2026-01-15 07:01:53,checkout,user_521,timeout,N/A
19,2026-01-15 21:55:07,checkout,user_513,error,865
897,2026-01-15 02:43:58,invalid_type,user_720,timeout,230
486,2026-01-15 19:36:15,purchase,,,1914
571,2026-01-15 04:51:17,purchase,user_842,error,925
10,2026-01-15 03:09:55,login,user_892,error,1475
368,2026-01-15 03:46:17,invalid_type,user_237,ok,1198
84,2026-01-15 16:49:49,login,user_142,timeout,624
62,2026-01-15 10:32:10,checkout,user_498,timeout,929
440,2026-01-15 01:24:35,checkout,,ok,240
273,2026-01-15 08:36:22,purchase,user_772,timeout,383
286,2026-01-15 16:33:58,view,user_192,ok,N/A
361,2026-01-15 11:00:51,checkout,user_202,timeout,1612
355,2026-01-15 08:53:38,view,user_315,error,1068
993,2026-01-15 19:45:18,view,user_668,timeout,672
279,2026-01-15 14:36:05,checkout,user_344,timeout,221
13,2026-01-15 01:09:25,view,user_686,ok,339
183,2026-01-15 19:23:42,login,user_520,timeout,N/A
369,2026-01-15 04:53:21,login,user_969,ok,N/A
495,2026-01-15 10:56:03,purchase,user_430,ok,308
801,2026-01-15 15:29:31,view,user_679,error,371
224,2026-01-15 08:39:55,login,user_923,ok,523
576,2026-01-15 11:33:08,view,user_671,error,307
704,2026-01-15 03:56:08,purchase,user_163,error,1812
588,2026-01-15 23:12:59,login,user_522,ok,958
548,2026-01-15 16:34:52,login,user_635,timeout,904
676,2026-01-15 01:53:46,purchase,user_847,timeout,
756,2026-01-15 08:52:43,checkout,user_549,timeout,633
177,2026-01-15 08:46:11,purchase,user_936,error,207
670,2026-01-15 15:20:55,purchase,user_213,ok,674
632,2026-01-15 19:53:02,login,user_814,error,155
590,2026-01-15 18:58:47,checkout,user_431,failed,1169
523,2026-01-15 16:05:05,checkout,user_356,ok,1466
394,2026-01-15 04:45:46,login,user_755,timeout,698
164,2026-01-15 05:52:54,login,user_701,ok,1133
249,2026-01-15 02:12:24,login,user_414,ok,1101
639,2026-01-15 17:40:54,invalid_type,user_444,ok,460
891,2026-01-15 09:38:07,,user_439,ok,1609
674,2026-01-15 00:42:20,login,user_635,ok,665
376,2026-01-15 10:15:30,login,user_360,,620
413,2026-01-15 04:38:24,purchase,user_999,timeout,643
75,2026-01-15 09:43:13,checkout,user_239,timeout,1903
114,2026-01-15 21:17:02,purchase,user_326,error,987
573,2026-01-15 19:20:16,view,user_638,timeout,1597
644,2026-01-15 06:00:32,checkout,user_233,error,N/A
391,2026-01-15 01:36:18,view,user_490,timeout,1736
105,2026-01-15 23:24:19,checkout,user_202,error,1517
115,2026-01-15 15:35:55,purchase,user_756,ok,1038
418,2026-01-15 13:01:38,checkout,user_770,timeout,598
713,2026-01-15 21:33:27,login,user_802,ok,1385
458,2026-01-15 18:32:48,login,user_926,error,854
410,2026-01-15 20:07:00,,user_817,timeout,233
93,2026-01-15 01:10:07,purchase,user_731,error,310
955,2026-01-15 20:58:49,login,user_646,timeout,1286
90,2026-01-15 11:48:24,view,user_522,error,1803
337,2026-01-15 23:30:07,checkout,user_386,timeout,72
995,2026-01-15 15:02:45,checkout,user_515,error,1206
927,2026-01-15 11:11:59,view,user_774,ok,1123
939,2026-01-15 17:58:42,,user_377,error,1837
902,2050-01-15 23:34:56,view,user_523,ok,1597
598,2026-01-15 08:32:15,login,user_630,ok,670
616,2026-01-15 15:08:16,login,user_806,timeout,910
95,2026-01-15 14:36:21,purchase,user_787,error,844
12,2026-01-15 15:21:42,purchase,user_408,,1056
397,2026-01-15 05:52:58,view,user_969,ok,249
536,2026-01-15 03:24:00,purchase,,error,1554
44,2026-01-15 21:58:51,purchase,user_107,timeout,1250
43,2026-01-15 12:31:22,purchase,user_891,error,668
330,2026-01-15 09:29:39,,user_106,ok,483
168,2026-01-15 21:48:24,,user_461,ok,1790
500,2026-01-15 14:39:03,view,user_153,ok,772
882,2026-01-15 11:07:06,,user_742,error,N/A
602,2026-01-15 19:39:58,,user_122,timeout,
761,2026-01-15 12:14:52,view,user_852,timeout,N/A
101,2026-01-15 07:44:29,purchase,user_200,ok,120
427,2026-01-15 08:37:09,view,user_653,error,523
179,2026-01-15 02:52:02,purchase,user_438,ok,1705
445,2026-01-15 12:43:50,login,user_873,error,1400
417,2026-01-15 01:27:09,checkout,user_732,ok,65
766,2026-01-15 17:45:04,purchase,user_821,failed,960
888,2026-01-15 07:33:55,login,user_842,error,1502
663,2026-01-15 11:55:06,view,user_875,timeout,562
178,2026-01-15 20:39:24,checkout,user_335,timeout,167
396,2026-01-15 09:32:15,purchase,user_727,error,1805
681,2026-01-15 23:43:46,login,user_390,error,1709
799,2026-01-15 19:19:48,checkout,user_489,timeout,1918
967,2026-01-15 17:54:11,view,user_438,error,559
689,2026-01-15 08:41:06,login,user_764,timeout,N/A
384,2026-01-15 17:47:12,purchase,user_720,timeout,488
963,2026-01-15 06:36:28,checkout,user_329,ok,566
617,2026-01-15 02:16:01,purchase,user_939,error,126
258,2026-01-15 05:06:13,purchase,user_728,timeout,155
336,2026-01-15 04:45:54,checkout,user_882,timeout,627
16,2026-01-15 07:57:37,view,user_288,error,454
634,2026-01-15 08:01:46,purchase,user_502,timeout,782
325,2026-01-15 23:56:03,login,user_954,ok,378
763,2026-01-15 17:59:49,purchase,user_726,error,806
223,2026-01-15 18:43:11,purchase,user_490,ok,154
180,2026-01-15 03:07:06,checkout,user_593,ok,1091
990,2026-01-15 18:44:09,login,user_828,timeout,1428
23,2026-01-15 23:39:41,purchase,user_870,ok,362
357,2026-01-15 10:22:33,purchase,user_974,ok,1683
671,2026-01-15 09:11:05,checkout,user_582,,1721
867,2026-01-15 09:02:10,purchase,user_925,error,1473
341,2026-01-15 02:38:28,checkout,user_653,ok,N/A
432,2026-01-15 06:31:49,purchase,user_998,timeout,1935
831,2026-01-15 00:30:54,checkout,user_725,error,1039
880,2026-01-15 21:25:39,purchase,user_916,ok,1841
204,2026-01-15 09:01:33,login,user_170,timeout,1580
635,2026-01-15 17:46:33,login,user_870,timeout,203
94,2026-01-15 11:29:07,checkout,user_298,error,53
968,2026-01-15 03:19:19,login,user_432,timeout,346
69,2026-01-15 23:08:40,login,user_905,timeout,1831
627,2026-01-15 12:48:25,checkout,user_111,timeout,1365
285,2026-01-15 09:39:20,checkout,,timeout,1739
810,2026-01-15 04:23:34,,user_103,error,1845
435,2026-01-15 09:02:07,checkout,user_455,ok,446
154,2026-01-15 18:29:02,view,user_630,ok,1346
76,2026-01-15 23:35:39,checkout,user_915,ok,1508
735,2026-01-15 13:11:12,purchase,user_856,error,1892
447,2026-01-15 08:17:11,view,user_917,ok,1169
189,2026-01-15 09:39:01,checkout,user_284,timeout,773
272,2026-01-15 03:23:44,purchase,user_110,error,1981
237,2026-01-15 03:26:03,view,user_804,timeout,1918
488,2026-01-15 13:15:39,checkout,user_889,ok,711
118,2026-01-15 13:10:47,checkout,user_998,error,352
824,2026-01-15 03:39:36,view,user_768,timeout,1053
513,2026-01-15 00:00:53,login,user_877,ok,770
800,2026-01-15 12:30:56,purchase,user_274,error,150
596,2026-01-15 02:49:15,checkout,,timeout,269
127,2026-01-15 22:50:40,purchase,user_177,timeout,288
117,2026-01-15 14:32:30,purchase,user_795,ok,1803
474,2026-01-15 15:53:19,view,user_115,timeout,1447
698,2026-01-15 06:06:32,checkout,user_412,ok,886
58,2026-01-15 07:00:03,view,user_941,ok,175
679,2026-01-15 23:40:15,login,user_779,timeout,N/A
918,2026-01-15 19:49:36,,user_235,error,255
370,2026-01-15 09:37:44,view,user_646,ok,867
269,2026-01-15 23:44:37,login,user_711,timeout,368
47,2026-01-15 16:43:37,checkout,user_801,error,1954
350,2026-01-15 18:25:07,login,user_982,error,1077
196,2026-01-15 11:20:57,login,user_988,ok,167
11,2026-01-15 21:29:57,view,user_730,ok,708
858,2026-01-15 02:41:50,checkout,user_927,,N/A
741,2026-01-15 18:59:46,login,user_710,ok,293
264,2026-01-15 02:44:40,checkout,user_165,timeout,82
444,2026-01-15 16:45:32,login,,timeout,1705
680,2026-01-15 02:29:53,login,user_361,timeout,1595
305,2026-01-15 19:20:15,view,user_700,timeout,1983
342,2026-01-15 00:20:20,view,user_455,error,1589
603,2026-01-15 02:56:01,purchase,user_806,ok,481
973,2026-01-15 11:41:21,view,user_718,error,1535
150,2026-01-15 00:07:05,login,user_141,timeout,313
125,2050-01-15 10:37:34,checkout,user_301,failed,233
791,2026-01-15 08:04:05,purchase,user_828,,1653
828,2026-01-15 13:08:21,view,user_189,timeout,1207
51,2026-01-15 02:52:08,checkout,user_762,error,325
354,2026-01-15 02:30:16,view,user_288,timeout,1300
933,2026-01-15 17:03:53,login,user_551,ok,365
143,2026-01-15 23:20:12,login,user_925,error,1985
471,2026-01-15 15:49:19,purchase,user_228,timeout,839
400,2026-01-15 15:34:17,view,user_768,error,2000
630,2026-01-15 15:15:21,login,user_426,timeout,1330
321,2026-01-15 01:26:49,view,user_294,ok,1012
20,2026-01-15 00:57:58,purchase,user_326,timeout,1298
815,2026-01-15 06:44:27,checkout,user_605,timeout,97
835,2026-01-15 01:39:25,login,user_468,ok,1863
814,2026-01-15 19:30:36,purchase,user_105,ok,1809
408,2026-01-15 13:26:33,checkout,user_845,timeout,1348
538,2026-01-15 11:18:07,login,user_119,ok,
869,2026-01-15 20:19:07,login,user_806,timeout,1801
39,2026-01-15 03:22:36,view,user_144,error,1999
176,2026-01-15 02:06:32,view,user_470,error,882
246,2026-01-15 23:47:29,checkout,user_670,error,643
834,2026-01-15 09:59:14,login,user_566,error,390
738,2026-01-15 05:34:12,login,user_880,timeout,99
759,2026-01-15 22:13:17,view,user_352,error,338
864,2026-01-15 20:29:32,checkout,user_312,ok,1119
155,2026-01-15 03:52:27,checkout,user_469,ok,1396
288,2026-01-15 15:24:04,login,user_696,timeout,924
614,2026-01-15 19:45:21,purchase,user_432,error,1705
570,2026-01-15 16:37:09,view,user_631,ok,1081
970,2026-01-15 12:40:07,checkout,user_215,timeout,1759
18,2026-01-15 18:23:57,login,user_525,error,1816
128,2026-01-15 05:49:29,view,user_969,timeout,1093
323,2026-01-15 02:59:05,view,user_347,ok,1370
256,2026-01-15 19:31:32,checkout,user_620,error,1142
986,2026-01-15 09:11:22,login,user_680,timeout,1743
971,2026-01-15 14:52:03,login,user_572,ok,133
191,2026-01-15 22:05:07,view,user_677,error,1753
116,2026-01-15 21:14:44,view,user_960,error,1582
621,2026-01-15 21:15:56,invalid_type,user_898,error,1440
607,2026-01-15 13:56:45,checkout,user_571,ok,189
181,2026-01-15 17:41:39,,user_590,error,1453
302,2026-01-15 21:16:09,view,user_888,timeout,235
890,2026-01-15 07:40:59,view,user_313,ok,1765
717,2026-01-15 10:58:49,login,user_655,ok,1240
851,2026-01-15 01:52:14,login,user_394,,875
690,2026-01-15 04:35:44,purchase,user_489,error,561
666,2026-01-15 11:54:00,purchase,user_735,error,1829
518,2026-01-15 21:06:59,login,user_671,ok,1060
991,2026-01-15 00:02:30,login,user_598,timeout,1220
46,2026-01-15 01:34:55,checkout,user_892,timeout,1683
915,2026-01-15 07:12:08,checkout,user_246,ok,823
158,2026-01-15 23:15:48,checkout,user_431,ok,1138
949,2026-01-15 03:19:30,checkout,user_710,timeout,219
172,2026-01-15 04:04:22,purchase,user_242,ok,1296
17,2026-01-15 08:28:15,purchase,user_905,ok,634
512,2026-01-15 19:56:59,login,user_802,error,433
49,2026-01-15 04:32:41,purchase,user_948,ok,1634
978,2026-01-15 18:02:22,login,user_409,timeout,1471
846,2026-01-15 17:05:24,checkout,user_211,failed,1151
516,2026-01-15 07:39:09,checkout,user_910,ok,1378
829,2026-01-15 06:31:59,checkout,user_526,timeout,478
481,2026-01-15 09:16:26,view,user_894,error,1142
284,2026-01-15 14:12:53,purchase,user_630,error,1163
723,2026-01-15 19:23:47,invalid_type,user_540,timeout,1684
685,2026-01-15 07:15:30,view,user_776,error,1808
226,2026-01-15 17:40:24,checkout,user_689,ok,624
27,2026-01-15 16:21:18,purchase,,error,
787,2026-01-15 16:19:03,purchase,user_564,timeout,1001
438,2026-01-15 03:56:08,login,user_522,error,1236
957,2026-01-15 06:22:42,checkout,user_681,ok,797
365,2026-01-15 00:17:05,view,user_856,error,692
230,2026-01-15 20:47:27,,user_712,ok,1016
38,2026-01-15 03:43:16,checkout,user_620,timeout,1983
972,2026-01-15 12:08:07,checkout,user_389,ok,1532
375,2026-01-15 09:54:57,purchase,user_161,timeout,1287
470,2026-01-15 21:43:13,purchase,user_204,ok,1212
974,2026-01-15 03:48:30,checkout,user_620,error,915
856,2026-01-15 14:35:21,login,user_608,error,1559
709,2026-01-15 13:39:52,purchase,user_502,error,958
845,2026-01-15 10:21:08,invalid_type,user_314,error,61
195,2026-01-15 07:19:25,login,user_721,timeout,122
860,2026-01-15 22:55:02,checkout,user_397,timeout,712
870,2026-01-15 15:09:08,view,user_909,ok,487
504,2026-01-15 06:59:04,checkout,,error,264
976,2026-01-15 12:00:28,login,user_209,error,937
836,2026-01-15 01:59:06,purchase,user_195,ok,1047
580,2026-01-15 15:32:13,view,user_537,timeout,1036
975,2026-01-15 05:51:19,checkout,user_937,ok,1527
163,2026-01-15 13:36:49,purchase,user_769,ok,1843
707,2026-01-15 11:21:28,view,user_668,ok,N/A
153,2026-01-15 06:30:16,view,user_143,ok,343
686,2026-01-15 00:44:31,checkout,user_972,error,1522
705,2026-01-15 21:04:09,purchase,user_999,error,516
760,2026-01-15 13:47:54,view,user_894,error,395
112,2026-01-15 19:37:24,checkout,user_538,error,856
227,2026-01-15 07:48:00,view,user_237,error,1883
693,2026-01-15 20:32:00,checkout,user_711,ok,678
104,2026-01-15 14:24:16,view,user_787,ok,821
422,2026-01-15 12:52:37,,user_234,timeout,1278
420,2026-01-15 09:05:06,login,user_353,error,timeout
755,2026-01-15 16:24:47,purchase,user_281,timeout,619
587,2026-01-15 09:00:06,login,user_432,timeout,556
785,2026-01-15 23:30:59,purchase,user_502,timeout,1854
673,2026-01-15 17:07:24,login,user_316,error,1071
120,2026-01-15 05:02:11,checkout,user_412,timeout,417
54,2026-01-15 22:53:17,login,user_834,error,1897
152,2026-01-15 18:13:32,purchase,user_370,error,220
404,2026-01-15 02:44:22,login,user_471,ok,770
951,2026-01-15 20:56:32,purchase,user_816,ok,
208,2026-01-15 00:45:57,checkout,user_800,timeout,293
659,2026-01-15 06:36:59,purchase,user_922,timeout,1524
849,2026-01-15 12:24:17,checkout,user_805,error,
837,2026-01-15 20:08:49,purchase,user_430,timeout,68
9,2026-01-15 19:51:22,view,user_430,timeout,1906
883,2026-01-15 20:42:11,,user_985,ok,1833
37,2026-01-15 12:15:18,checkout,user_483,timeout,1478
453,2050-01-15 11:18:50,view,user_761,error,220
652,2026-01-15 20:32:55,checkout,user_689,error,156
254,2026-01-15 06:58:32,checkout,user_901,,1525
304,2026-01-15 18:18:29,,user_569,timeout,897
751,2026-01-15 11:44:05,purchase,user_115,error,148
572,2026-01-15 16:55:01,checkout,user_494,error,1918
624,2026-01-15 13:50:57,login,user_988,timeout,1708
714,2026-01-15 22:50:13,,user_346,error,113
724,2026-01-15 15:35:48,invalid_type,user_888,failed,953
263,2026-01-15 09:05:42,checkout,user_714,error,778
611,2026-01-15 15:06:17,purchase,user_194,error,1749
298,2026-01-15 02:13:09,login,user_363,timeout,206
415,2026-01-15 11:13:24,purchase,user_506,ok,304
151,2026-01-15 09:35:22,login,user_599,timeout,583
793,2026-01-15 08:51:30,login,user_193,error,866
641,2050-01-15 05:45:58,view,user_661,error,1918
895,2026-01-15 06:19:42,purchase,user_484,timeout,timeout
551,2026-01-15 20:57:34,login,user_132,ok,760
803,2026-01-15 12:02:37,purchase,user_989,ok,491
489,2026-01-15 15:42:11,login,user_353,ok,230
148,2026-01-15 05:45:30,purchase,user_249,ok,125
147,2026-01-15 15:49:45,checkout,user_679,ok,479
935,2026-01-15 14:39:17,purchase,user_380,error,857
937,2026-01-15 18:13:17,view,user_204,error,843
744,2026-01-15 22:25:28,checkout,user_588,ok,1341
660,2026-01-15 01:49:50,invalid_type,user_249,error,948
349,2026-01-15 07:45:38,login,user_433,error,1703
464,2026-01-15 09:30:37,login,user_752,ok,1251
326,2026-01-15 21:15:03,login,user_733,timeout,N/A
187,2026-01-15 20:01:03,login,user_686,,395
124,2026-01-15 01:42:55,view,user_243,error,818
859,2026-01-15 21:00:31,login,user_724,ok,1309
609,2026-01-15 07:47:23,login,user_696,timeout,1088
144,2026-01-15 12:23:07,checkout,user_800,ok,1986
965,2026-01-15 15:52:12,login,user_472,error,85
198,2026-01-15 23:39:40,purchase,user_715,,873
610,2026-01-15 02:20:18,login,user_362,ok,713
280,2026-01-15 02:08:05,checkout,user_261,error,1672
294,2026-01-15 07:55:34,purchase,user_618,timeout,1136
401,2026-01-15 20:25:19,view,user_373,timeout,808
123,2026-01-15 03:18:35,purchase,user_387,timeout,669
184,2026-01-15 04:34:43,checkout,user_144,ok,timeout
203,2026-01-15 04:24:20,view,user_564,ok,948
439,2026-01-15 13:55:40,view,user_410,ok,301
247,2026-01-15 23:31:36,purchase,user_479,error,N/A
416,2026-01-15 13:16:35,login,user_185,timeout,1909
781,2026-01-15 17:47:18,login,user_761,timeout,530
984,2026-01-15 03:12:22,purchase,user_810,failed,701
912,2026-01-15 09:37:55,checkout,user_448,error,1101
865,2026-01-15 11:03:44,purchase,user_524,ok,488
893,2026-01-15 05:43:05,login,user_252,ok,N/A
130,2026-01-15 21:42:52,checkout,user_692,ok,420
638,2026-01-15 15:52:05,purchase,user_503,error,588
403,2026-01-15 04:04:23,login,user_555,timeout,1482
789,2026-01-15 03:23:16,view,user_565,timeout,1698
775,2050-01-15 22:10:06,invalid_type,user_550,ok,1836
736,2026-01-15 23:08:27,login,user_897,error,907
919,2026-01-15 08:11:06,checkout,user_137,timeout,1169
220,2026-01-15 01:08:37,checkout,user_814,error,1800
642,2026-01-15 12:14:17,login,user_187,failed,1991
921,2026-01-15 05:25:28,checkout,user_218,error,1019
757,2026-01-15 16:55:10,login,user_601,error,508
812,2026-01-15 11:29:19,,,timeout,1570
925,2026-01-15 02:10:16,purchase,user_578,ok,1232
625,2026-01-15 17:21:58,purchase,user_888,timeout,
844,2026-01-15 20:54:03,view,user_637,error,70
765,2026-01-15 06:37:14,view,user_637,ok,1930
387,2026-01-15 03:21:37,login,user_899,timeout,1023
979,2026-01-15 10:29:37,login,user_510,error,1607
510,2026-01-15 10:57:26,view,user_889,timeout,1831
268,2026-01-15 01:50:30,invalid_type,user_633,timeout,467
825,2026-01-15 07:04:03,login,user_248,error,1766
442,2026-01-15 08:05:54,view,user_452,timeout,200
497,2050-01-15 18:08:43,login,user_662,ok,300
113,2026-01-15 09:33:58,login,user_420,timeout,1823
692,2026-01-15 04:09:53,checkout,user_423,error,1652
233,2026-01-15 08:50:50,checkout,user_908,,316
875,2026-01-15 19:01:34,login,user_682,timeout,
608,2026-01-15 05:33:48,purchase,user_241,error,1016
672,2026-01-15 02:58:55,checkout,user_314,ok,951
374,2026-01-15 05:39:34,checkout,user_201,timeout,458
988,2026-01-15 04:13:14,purchase,user_277,error,747
848,2026-01-15 16:02:13,purchase,user_189,error,512
234,2026-01-15 17:13:13,,,timeout,1644
790,2026-01-15 10:42:46,checkout,user_431,timeout,109
677,2026-01-15 12:44:30,invalid_type,user_811,timeout,826
318,2026-01-15 08:57:51,login,user_462,error,201
649,2026-01-15 00:58:54,login,user_636,timeout,163
411,2026-01-15 05:23:30,purchase,user_315,ok,1066
904,2026-01-15 10:36:15,view,user_562,timeout,512
710,2026-01-15 14:26:30,view,user_189,timeout,1218
359,2026-01-15 15:57:13,login,user_234,ok,1230
259,2026-01-15 15:21:36,view,user_823,timeout,1144
745,2026-01-15 19:35:39,view,user_966,ok,1027
628,2026-01-15 10:52:19,checkout,user_747,error,1744
633,2026-01-15 21:57:49,view,user_151,ok,1976
283,2026-01-15 00:04:42,checkout,user_515,error,384
377,2026-01-15 22:01:16,checkout,user_744,ok,348
385,2026-01-15 09:08:34,checkout,user_689,ok,239
225,2026-01-15 10:08:20,checkout,user_879,error,924
960,2026-01-15 23:43:14,view,user_566,error,1104
820,2026-01-15 21:27:58,login,user_660,ok,1513
473,2026-01-15 11:25:14,invalid_type,,error,1811
348,2026-01-15 19:34:28,checkout,user_488,timeout,1331
506,2026-01-15 13:48:15,purchase,user_908,error,979
640,2026-01-15 01:03:24,view,user_685,ok,1170
994,2026-01-15 16:49:12,checkout,user_555,timeout,110
798,2026-01-15 20:09:04,purchase,user_263,error,93
934,2026-01-15 11:04:17,checkout,user_379,timeout,1027
911,2026-01-15 08:29:55,purchase,user_612,error,1081
620,2026-01-15 14:10:49,purchase,user_690,ok,1225
9,2026-01-15 19:51:22,view,user_430,timeout,1906
809,2026-01-15 08:23:37,login,user_234,ok,1655
646,2050-01-15 15:07:39,login,user_599,timeout,315
852,2026-01-15 09:11:32,view,user_968,ok,464
557,2026-01-15 05:22:22,login,user_150,ok,N/A
964,2026-01-15 21:18:40,purchase,user_731,ok,98
578,2026-01-15 22:18:21,login,user_690,error,161
796,2026-01-15 13:26:08,login,user_493,error,1646
86,2026-01-15 09:49:42,invalid_type,user_650,ok,1347
243,2026-01-15 14:58:03,purchase,user_382,error,968
699,2026-01-15 22:03:35,purchase,user_502,ok,1299
160,2026-01-15 22:10:18,,user_380,timeout,349
525,2026-01-15 07:46:50,view,user_672,ok,56
36,2026-01-15 07:50:21,login,user_629,timeout,N/A
541,2026-01-15 05:21:53,purchase,user_164,ok,92
171,2026-01-15 00:42:32,purchase,user_106,ok,1359
655,2026-01-15 23:24:06,purchase,user_428,timeout,752
896,2026-01-15 20:05:50,purchase,user_962,timeout,1213
907,2026-01-15 10:29:22,purchase,user_483,ok,970
853,2026-01-15 17:23:36,purchase,user_638,timeout,623
950,2050-01-15 04:07:51,view,user_744,error,878
734,2026-01-15 15:47:02,view,user_941,error,353
96,2026-01-15 09:44:53,view,user_972,error,1441
564,2026-01-15 18:51:29,view,user_525,error,1934
241,2026-01-15 12:53:58,purchase,user_975,error,1177
743,2026-01-15 09:50:00,view,user_181,failed,1562
575,2026-01-15 21:40:47,login,user_283,ok,1208
691,2026-01-15 17:14:30,view,user_826,timeout,129
461,2026-01-15 12:03:24,purchase,user_375,error,702
554,2026-01-15 17:59:59,purchase,user_956,timeout,640
884,2026-01-15 22:36:39,checkout,user_443,timeout,294
207,2026-01-15 12:18:33,checkout,user_980,timeout,457
393,2026-01-15 12:08:39,purchase,user_248,ok,N/A
795,2026-01-15 21:10:25,view,user_187,timeout,889
398,2026-01-15 16:05:12,,user_181,timeout,N/A
767,2026-01-15 07:43:22,view,user_633,timeout,330
854,2026-01-15 04:09:13,checkout,user_738,ok,1119
218,2026-01-15 08:20:07,invalid_type,user_541,ok,928
5,2026-01-15 08:54:58,checkout,user_698,error,1563
769,2026-01-15 09:24:22,purchase,user_143,timeout,202
643,2026-01-15 14:43:14,login,user_544,error,1703
903,2026-01-15 17:06:32,purchase,user_998,ok,637
613,2026-01-15 12:02:49,login,user_851,timeout,1441
739,2026-01-15 15:51:20,login,user_731,timeout,1825
547,2026-01-15 02:39:05,view,user_429,timeout,1914
726,2026-01-15 02:30:38,login,user_425,ok,791
684,2026-01-15 09:00:11,view,user_108,error,1183
99,2026-01-15 20:39:01,checkout,user_662,error,498
805,2026-01-15 16:31:13,view,user_529,error,N/A
728,2026-01-15 23:34:34,purchase,user_221,ok,791
574,2026-01-15 20:20:59,purchase,user_683,,1238
407,2026-01-15 01:18:42,view,user_974,error,831
503,2026-01-15 04:38:03,view,user_432,timeout,
48,2026-01-15 19:31:24,login,user_206,error,timeout
33,2026-01-15 12:23:17,login,user_915,timeout,1502
780,2026-01-15 14:47:51,checkout,user_245,error,906
840,2026-01-15 23:13:26,checkout,user_663,timeout,1121
201,2026-01-15 18:50:39,view,user_623,ok,513
135,2050-01-15 08:10:51,purchase,user_893,timeout,1050
28,2026-01-15 21:27:16,,user_556,error,1945
886,2026-01-15 22:11:45,checkout,user_860,timeout,1391
231,2026-01-15 20:58:45,purchase,user_518,timeout,566
490,2026-01-15 02:32:51,view,user_134,ok,1899
773,2026-01-15 10:03:31,,user_628,ok,1193
379,2026-01-15 12:29:02,checkout,user_469,ok,1667
289,2026-01-15 20:14:05,checkout,user_935,ok,1937
419,2026-01-15 07:38:55,login,user_499,ok,1678
675,2026-01-15 19:38:22,purchase,user_661,timeout,1298
392,2026-01-15 00:07:44,view,user_574,error,698
593,2026-01-15 08:42:38,checkout,user_862,timeout,1097
499,2026-01-15 11:52:33,purchase,user_405,timeout,512
139,2026-01-15 00:25:04,purchase,user_575,timeout,N/A
63,2026-01-15 02:54:18,purchase,user_647,ok,695
472,2026-01-15 12:35:09,view,user_844,timeout,1198
648,2026-01-15 19:26:48,purchase,user_730,error,1650
129,2026-01-15 15:22:13,checkout,user_131,timeout,1032
983,2026-01-15 16:33:34,checkout,user_448,error,612
521,2026-01-15 11:43:57,purchase,user_121,error,614
839,2026-01-15 04:35:51,invalid_type,user_876,ok,1871
969,2026-01-15 17:06:45,login,user_130,ok,988
65,2026-01-15 03:40:38,purchase,user_164,timeout,1701
813,2026-01-15 04:21:10,checkout,user_610,timeout,1557
15,2026-01-15 03:24:40,checkout,user_425,timeout,210
157,2026-01-15 10:51:57,checkout,user_140,ok,103
41,2026-01-15 03:31:16,checkout,user_626,timeout,1250
493,2026-01-15 11:25:45,login,user_313,timeout,724
380,2026-01-15 07:24:45,login,user_670,error,1827
188,2026-01-15 06:00:43,login,user_270,ok,510
764,2026-01-15 11:50:00,purchase,user_685,timeout,1549
217,2026-01-15 02:08:36,login,user_893,error,1819
792,2026-01-15 14:43:25,login,user_835,timeout,1432
53,2050-01-15 00:29:52,checkout,user_257,timeout,1585
879,2026-01-15 10:49:34,,user_590,timeout,1294
338,2026-01-15 10:55:21,login,user_868,,1357
749,2026-01-15 21:34:16,checkout,user_267,timeout,706
720,2026-01-15 20:36:17,checkout,user_307,timeout,210
725,2026-01-15 13:29:31,view,user_678,timeout,1915
296,2026-01-15 21:05:14,purchase,user_448,ok,763
702,2026-01-15 05:57:45,login,user_409,ok,1393
252,2026-01-15 03:58:42,checkout,user_984,ok,1476
727,2026-01-15 18:25:17,login,user_645,error,1469
462,2026-01-15 01:00:17,checkout,user_973,error,1211
456,2026-01-15 12:47:05,purchase,user_345,timeout,1099
8,2026-01-15 03:43:54,view,user_140,ok,1550
816,2026-01-15 06:58:25,checkout,user_702,error,1393
863,2026-01-15 05:25:55,checkout,user_220,timeout,1634
270,2026-01-15 19:40:55,checkout,user_892,error,353
202,2026-01-15 16:26:17,view,user_841,error,1877
162,2026-01-15 05:33:52,view,user_683,error,265
556,2026-01-15 08:52:59,checkout,user_818,timeout,676
730,2026-01-15 00:27:38,login,user_844,error,907
402,2026-01-15 00:21:07,login,user_504,timeout,
703,2026-01-15 11:19:28,checkout,user_613,ok,N/A
477,2026-01-15 04:12:37,view,user_480,ok,294
822,2026-01-15 21:43:42,purchase,user_945,,273
772,2026-01-15 21:42:19,purchase,user_140,error,1959
106,2026-01-15 16:42:22,login,user_171,error,1484
566,2026-01-15 01:49:42,view,user_943,error,1622
390,2026-01-15 10:04:25,view,user_557,timeout,1530
2,2026-01-15 04:03:12,login,user_222,ok,817
943,2026-01-15 01:27:04,login,user_446,ok,
989,2026-01-15 14:42:56,purchase,user_179,ok,1799
562,2026-01-15 07:58:03,login,user_920,timeout,1960
81,2026-01-15 19:26:50,login,user_763,ok,1592
206,2026-01-15 02:19:52,,user_116,timeout,912
35,2026-01-15 05:39:39,invalid_type,user_841,error,1028
776,2026-01-15 18:48:35,view,user_411,ok,360
509,2026-01-15 20:43:13,invalid_type,user_710,error,190
428,2026-01-15 05:54:59,view,user_661,error,1343
455,2026-01-15 10:09:45,purchase,user_181,,1385
367,2026-01-15 10:54:00,checkout,,ok,1368
92,2026-01-15 08:20:21,purchase,user_264,error,1969
340,2026-01-15 11:30:41,view,user_533,timeout,143
898,2026-01-15 05:41:57,view,user_709,timeout,430
565,2026-01-15 16:54:49,view,user_913,ok,1440
346,2026-01-15 03:38:24,view,user_423,timeout,1680
777,2026-01-15 06:57:22,invalid_type,user_392,timeout,319
242,2026-01-15 15:25:19,login,user_678,timeout,1782
14,2026-01-15 01:05:05,login,user_174,ok,1174
316,2026-01-15 04:21:53,login,user_177,error,1474
601,2026-01-15 11:38:24,purchase,user_319,error,1530
388,2026-01-15 23:05:36,checkout,user_432,error,944
274,2050-01-15 14:51:16,checkout,user_630,error,434
167,2026-01-15 00:01:14,login,user_328,error,1438
841,2026-01-15 17:52:20,checkout,user_582,error,810
999,2026-01-15 13:10:19,checkout,user_760,failed,1218
647,2026-01-15 22:39:20,view,user_685,error,1089
819,2026-01-15 10:04:01,checkout,user_106,error,1067
485,2026-01-15 18:55:46,purchase,user_948,ok,661
987,2026-01-15 11:46:12,checkout,user_657,error,1158
505,2026-01-15 15:18:28,view,user_698,timeout,1102
832,2026-01-15 19:26:50,,user_816,timeout,216
244,2026-01-15 17:00:13,view,user_506,timeout,1038
567,2026-01-15 20:17:40,purchase,user_641,timeout,666
876,2026-01-15 13:50:56,purchase,user_129,timeout,865
563,2050-01-15 03:23:37,purchase,user_469,ok,915
687,2026-01-15 22:37:19,view,user_468,ok,830
958,2026-01-15 17:07:49,purchase,user_932,failed,1605
190,2026-01-15 19:12:43,view,user_515,ok,814
783,2026-01-15 08:44:59,view,user_284,ok,1418
700,2026-01-15 22:06:33,login,user_118,timeout,578
476,2026-01-15 18:37:13,login,user_904,timeout,N/A
682,2026-01-15 01:27:56,checkout,user_813,timeout,1536
511,2050-01-15 08:42:45,checkout,user_261,ok,269
59,2026-01-15 02:31:56,checkout,user_364,error,1666
475,2026-01-15 22:04:17,purchase,user_450,timeout,453
561,2026-01-15 15:28:44,login,user_952,error,1248
857,2026-01-15 17:54:14,view,user_747,ok,394
748,2026-01-15 15:51:31,login,user_603,ok,N/A
253,2026-01-15 09:03:11,purchase,user_865,ok,N/A
22,2026-01-15 07:14:22,view,user_469,error,220
314,2026-01-15 08:33:48,checkout,user_195,error,1797
460,2026-01-15 19:31:22,invalid_type,user_860,ok,1858
161,2026-01-15 07:14:31,purchase,user_369,ok,timeout
277,2026-01-15 17:31:32,checkout,user_337,ok,823
956,2026-01-15 01:27:53,,user_873,error,1649
192,2026-01-15 15:24:21,view,user_999,error,662
386,2026-01-15 01:50:58,purchase,user_651,error,658
806,2026-01-15 09:51:49,login,user_847,ok,1043
414,2026-01-15 01:31:22,view,user_155,error,1179
492,2026-01-15 22:41:18,login,user_633,ok,138
344,2026-01-15 22:36:56,checkout,user_568,ok,1431
770,2026-01-15 12:23:28,login,user_351,timeout,1341
309,2026-01-15 02:55:00,,user_793,ok,228
662,2026-01-15 13:48:09,login,user_801,ok,864
131,2026-01-15 02:18:46,view,user_704,ok,661
664,2026-01-15 07:42:22,checkout,user_187,timeout,1715
872,2026-01-15 21:42:15,login,user_431,error,71
100,2026-01-15 11:27:25,checkout,user_787,error,348
373,2026-01-15 20:08:32,purchase,user_681,timeout,271
88,2026-01-15 20:16:40,checkout,user_866,timeout,182
459,2026-01-15 14:33:06,view,user_378,timeout,389
331,2026-01-15 07:26:12,login,user_654,ok,1734
215,2026-01-15 02:35:05,view,user_233,timeout,1045
467,2026-01-15 09:39:55,view,user_428,ok,552
122,2026-01-15 17:58:06,login,user_721,timeout,877
615,2026-01-15 16:57:49,view,user_277,timeout,1853
21,2026-01-15 20:26:03,view,user_779,failed,1675
701,2026-01-15 04:10:12,login,user_460,error,310
72,2026-01-15 13:28:40,view,user_490,timeout,1438
107,2026-01-15 05:12:06,purchase,user_425,error,1804
271,2026-01-15 00:32:14,view,user_755,error,428
861,2026-01-15 01:57:06,login,user_101,ok,1703
436,2026-01-15 09:42:50,login,user_332,ok,1659
103,2026-01-15 18:10:35,view,user_438,,1342
